,Elementary 2-3,Elementary 4-5,Elementary 6-7,Elementary 8-9,High School 1-2,High School 3-4
anthropic/claude-2.1,43.96551724137931,50.35971223021583,39.87730061349693,39.75155279503105,33.33333333333333,14.772727272727273
google/gemini-pro,25.0,28.05755395683453,22.699386503067483,20.496894409937887,24.691358024691358,19.318181818181817
mistralai/mixtral-8x7b-instruct,34.48275862068966,25.899280575539567,25.766871165644172,25.465838509316768,20.98765432098765,19.318181818181817
openai/gpt-3.5-turbo,37.06896551724138,41.007194244604314,33.74233128834356,29.81366459627329,26.543209876543212,17.045454545454543
openai/gpt-4-1106-preview,66.37931034482759,62.589928057553955,50.306748466257666,40.993788819875775,32.71604938271605,36.36363636363637
