model_name,analytical,critical,culture,verbal,klokan
anthropic/claude-2.1,0.3804034582132565,0.6449912126537786,0.7981770833333334,0.6336336336336337,0.3823884197828709
google/gemini-pro,0.2680115273775216,0.5992970123022847,0.7825520833333334,0.5765765765765766,0.23522316043425814
mistralai/mixtral-8x7b-instruct,0.24495677233429394,0.4833040421792619,0.6432291666666666,0.36936936936936937,0.25331724969843183
openai/gpt-3.5-turbo,0.27761767531219983,0.46572934973637964,0.6822916666666666,0.4084084084084084,0.3148371531966224
openai/gpt-4-1106-preview,0.4793467819404419,0.7662565905096661,0.9166666666666666,0.7207207207207207,0.47889022919179736
