,Analytical,Critical,Cultural,Verbal
anthropic/claude-2.1,38.04034582132565,64.49912126537785,79.81770833333334,63.36336336336337
google/gemini-pro,26.801152737752158,59.929701230228474,78.25520833333334,57.65765765765766
mistralai/mixtral-8x7b-instruct,24.495677233429394,48.33040421792619,64.32291666666666,36.93693693693694
openai/gpt-3.5-turbo,27.761767531219984,46.57293497363796,68.22916666666666,40.84084084084084
openai/gpt-4-1106-preview,47.93467819404419,76.6256590509666,91.66666666666666,72.07207207207207
